<inspections profile_name="Default" version="1.0">
  <option name="myName" value="Default" />
  <inspection_tool class="PyPackageRequirementsInspection" enabled="true" level="WARNING" enabled_by_default="true">
    <option name="ignoredPackages">
      <value>
        <list size="2">
          <item index="0" class="java.lang.String" itemvalue="comm-plan-steps" />
          <item index="1" class="java.lang.String" itemvalue="SpaceSystem" />
        </list>
      </value>
    </option>
  </inspection_tool>
  <inspection_tool class="SpellCheckingInspection" enabled="false" level="TYPO" enabled_by_default="false">
    <option name="processCode" value="true" />
    <option name="processLiterals" value="true" />
    <option name="processComments" value="true" />
  </inspection_tool>
</inspections>