<application>
  <component name="ProjectJdkTable">
    <jdk version="2">
      <name value="Python 2.7.9 (/usr/bin/python2.7)" />
      <type value="Python SDK" />
      <version value="Python 2.7.13" />
      <homePath value="/usr/bin/python2.7" />
      <roots>
        <classPath>
          <root type="composite">
            <root url="file://$USER_HOME$/Code" type="simple" />
            <root url="file:///usr/bin" type="simple" />
            <root url="file:///usr/lib/python2.7" type="simple" />
            <root url="file:///usr/lib/python2.7/plat-x86_64-linux-gnu" type="simple" />
            <root url="file:///usr/lib/python2.7/lib-tk" type="simple" />
            <root url="file:///usr/lib/python2.7/lib-dynload" type="simple" />
            <root url="file:///usr/local/lib/python2.7/dist-packages" type="simple" />
            <root url="file:///usr/lib/python2.7/dist-packages" type="simple" />
            <root url="file:///usr/lib/python2.7/dist-packages/gtk-2.0" type="simple" />
            <root url="file://$USER_HOME$/.PyCharm2017.2/system/python_stubs/-1247972723" type="simple" />
            <root url="file://$APPLICATION_HOME_DIR$/helpers/python-skeletons" type="simple" />
            <root url="file://$APPLICATION_HOME_DIR$/helpers/typeshed/stdlib/2" type="simple" />
            <root url="file://$APPLICATION_HOME_DIR$/helpers/typeshed/stdlib/2and3" type="simple" />
            <root url="file://$APPLICATION_HOME_DIR$/helpers/typeshed/third_party/2" type="simple" />
            <root url="file://$APPLICATION_HOME_DIR$/helpers/typeshed/third_party/2and3" type="simple" />
          </root>
        </classPath>
        <sourcePath>
          <root type="composite" />
        </sourcePath>
      </roots>
      <additional />
    </jdk>
    <jdk version="2">
      <name value="Python 3.6" />
      <type value="Python SDK" />
      <version value="Python 3.6.8" />
      <homePath value="/usr/bin/python3.6" />
      <roots>
        <classPath>
          <root type="composite">
            <root url="file:///usr/lib/python3.6" type="simple" />
            <root url="file:///usr/lib/python3.6/lib-dynload" type="simple" />
            <root url="file://$USER_HOME$/.local/lib/python3.6/site-packages" type="simple" />
            <root url="file:///usr/local/lib/python3.6/dist-packages" type="simple" />
            <root url="jar:///usr/local/lib/python3.6/dist-packages/sap_toml-1.0-py3.6.egg!/" type="simple" />
            <root url="file:///usr/local/lib/python3.6/dist-packages/cmdseq_service-0.4.0-py3.6.egg" type="simple" />
            <root url="jar:///usr/local/lib/python3.6/dist-packages/command_toml-1.0-py3.6.egg!/" type="simple" />
            <root url="file:///usr/lib/python3/dist-packages" type="simple" />
            <root url="file://$USER_HOME$/.PyCharm2019.2/system/python_stubs/-1247971763" type="simple" />
            <root url="file://$APPLICATION_HOME_DIR$/helpers/python-skeletons" type="simple" />
            <root url="file://$APPLICATION_HOME_DIR$/helpers/typeshed/stdlib/3" type="simple" />
            <root url="file://$APPLICATION_HOME_DIR$/helpers/typeshed/stdlib/2and3" type="simple" />
            <root url="file://$APPLICATION_HOME_DIR$/helpers/typeshed/third_party/3" type="simple" />
            <root url="file://$APPLICATION_HOME_DIR$/helpers/typeshed/third_party/2and3" type="simple" />
          </root>
        </classPath>
        <sourcePath>
          <root type="composite" />
        </sourcePath>
      </roots>
      <additional />
    </jdk>
    <jdk version="2">
      <name value="Python 3.6 (gemini)" />
      <type value="Python SDK" />
      <version value="Python 3.6.9" />
      <homePath value="$USER_HOME$/.virtualenvs/gemini/bin/python" />
      <roots>
        <classPath>
          <root type="composite">
            <root url="file:///usr/lib/python3.6" type="simple" />
            <root url="file:///usr/lib/python3.6/lib-dynload" type="simple" />
            <root url="file://$USER_HOME$/.virtualenvs/gemini/lib/python3.6/site-packages" type="simple" />
            <root url="jar://$USER_HOME$/.virtualenvs/gemini/lib/python3.6/site-packages/sap_toml-1.0-py3.6.egg!/" type="simple" />
            <root url="jar://$USER_HOME$/.virtualenvs/gemini/lib/python3.6/site-packages/command_toml-1.0-py3.6.egg!/" type="simple" />
            <root url="file://$USER_HOME$/.PyCharm2019.3/system/python_stubs/-138711646" type="simple" />
            <root url="file://$APPLICATION_HOME_DIR$/plugins/python/helpers/python-skeletons" type="simple" />
            <root url="file://$APPLICATION_HOME_DIR$/plugins/python/helpers/typeshed/stdlib/3" type="simple" />
            <root url="file://$APPLICATION_HOME_DIR$/plugins/python/helpers/typeshed/stdlib/2and3" type="simple" />
            <root url="file://$APPLICATION_HOME_DIR$/plugins/python/helpers/typeshed/third_party/3" type="simple" />
            <root url="file://$APPLICATION_HOME_DIR$/plugins/python/helpers/typeshed/third_party/2and3" type="simple" />
          </root>
        </classPath>
        <sourcePath>
          <root type="composite" />
        </sourcePath>
      </roots>
      <additional />
    </jdk>
    <jdk version="2">
      <name value="Python 3.6 (atlas)" />
      <type value="Python SDK" />
      <version value="Python 3.6.6" />
      <homePath value="$USER_HOME$/.virtualenvs/atlas/bin/python" />
      <roots>
        <classPath>
          <root type="composite">
            <root url="file:///usr/lib/python3.6" type="simple" />
            <root url="file:///usr/lib/python3.6/lib-dynload" type="simple" />
            <root url="file://$USER_HOME$/.virtualenvs/atlas/lib/python3.6/site-packages" type="simple" />
            <root url="file://$USER_HOME$/.PyCharm2018.2/system/python_stubs/1796153284" type="simple" />
            <root url="file://$APPLICATION_HOME_DIR$/helpers/python-skeletons" type="simple" />
            <root url="file://$APPLICATION_HOME_DIR$/helpers/typeshed/stdlib/3.4" type="simple" />
            <root url="file://$APPLICATION_HOME_DIR$/helpers/typeshed/stdlib/3" type="simple" />
            <root url="file://$APPLICATION_HOME_DIR$/helpers/typeshed/stdlib/2and3" type="simple" />
            <root url="file://$APPLICATION_HOME_DIR$/helpers/typeshed/third_party/3" type="simple" />
            <root url="file://$APPLICATION_HOME_DIR$/helpers/typeshed/third_party/2and3" type="simple" />
          </root>
        </classPath>
        <sourcePath>
          <root type="composite" />
        </sourcePath>
      </roots>
      <additional ASSOCIATED_PROJECT_PATH="$USER_HOME$/Downloads/atlas_api-0.1.1" />
    </jdk>
  </component>
</application>