<application>
  <component name="Markdown Navigator">
    <PreviewSettings splitEditorLayout="SPLIT" splitEditorPreview="PREVIEW" useGrayscaleRendering="false" zoomFactor="1.0" maxImageWidth="0" showGitHubPageIfSynced="false" allowBrowsingInPreview="false" synchronizePreviewPosition="true" highlightPreviewType="NONE" highlightFadeOut="5" highlightOnTyping="true" synchronizeSourcePosition="true" verticallyAlignSourceAndPreviewSyncPosition="true" showSearchHighlightsInPreview="false" showSelectionInPreview="true" openRemoteLinks="true">
      <PanelProvider>
        <provider providerId="com.vladsch.idea.multimarkdown.editor.swing.html.panel" providerName="Default - Swing" />
      </PanelProvider>
    </PreviewSettings>
    <ParserSettings gitHubSyntaxChange="false">
      <PegdownExtensions>
        <option name="ABBREVIATIONS" value="false" />
        <option name="ANCHORLINKS" value="true" />
        <option name="ASIDE" value="false" />
        <option name="ATXHEADERSPACE" value="true" />
        <option name="AUTOLINKS" value="true" />
        <option name="DEFINITIONS" value="false" />
        <option name="DEFINITION_BREAK_DOUBLE_BLANK_LINE" value="false" />
        <option name="FENCED_CODE_BLOCKS" value="true" />
        <option name="FOOTNOTES" value="false" />
        <option name="HARDWRAPS" value="false" />
        <option name="HTML_DEEP_PARSER" value="false" />
        <option name="INSERTED" value="false" />
        <option name="QUOTES" value="false" />
        <option name="RELAXEDHRULES" value="true" />
        <option name="SMARTS" value="false" />
        <option name="STRIKETHROUGH" value="true" />
        <option name="SUBSCRIPT" value="false" />
        <option name="SUPERSCRIPT" value="false" />
        <option name="SUPPRESS_HTML_BLOCKS" value="false" />
        <option name="SUPPRESS_INLINE_HTML" value="false" />
        <option name="TABLES" value="true" />
        <option name="TASKLISTITEMS" value="true" />
        <option name="TOC" value="false" />
        <option name="WIKILINKS" value="true" />
      </PegdownExtensions>
      <ParserOptions>
        <option name="COMMONMARK_LISTS" value="true" />
        <option name="DUMMY" value="false" />
        <option name="EMOJI_SHORTCUTS" value="true" />
        <option name="FLEXMARK_FRONT_MATTER" value="false" />
        <option name="GFM_LOOSE_BLANK_LINE_AFTER_ITEM_PARA" value="false" />
        <option name="GFM_TABLE_RENDERING" value="true" />
        <option name="GITBOOK_URL_ENCODING" value="false" />
        <option name="GITHUB_EMOJI_URL" value="false" />
        <option name="GITHUB_LISTS" value="false" />
        <option name="GITHUB_WIKI_LINKS" value="true" />
        <option name="JEKYLL_FRONT_MATTER" value="false" />
        <option name="SIM_TOC_BLANK_LINE_SPACER" value="true" />
      </ParserOptions>
    </ParserSettings>
    <HtmlSettings headerTopEnabled="false" headerBottomEnabled="false" bodyTopEnabled="false" bodyBottomEnabled="false" embedUrlContent="false" addPageHeader="true" embedImages="false" embedHttpImages="false">
      <GeneratorProvider>
        <provider providerId="com.vladsch.idea.multimarkdown.editor.swing.html.generator" providerName="Default Swing HTML Generator" />
      </GeneratorProvider>
      <headerTop />
      <headerBottom />
      <bodyTop />
      <bodyBottom />
    </HtmlSettings>
    <CssSettings previewScheme="UI_SCHEME" cssUri="" isCssUriEnabled="false" isCssTextEnabled="false" isDynamicPageWidth="true">
      <StylesheetProvider>
        <provider providerId="com.vladsch.idea.multimarkdown.editor.swing.html.css" providerName="Default Swing Stylesheet" />
      </StylesheetProvider>
      <ScriptProviders />
      <cssText />
    </CssSettings>
    <HtmlExportSettings updateOnSave="false" parentDir="" targetDir="" cssDir="" scriptDir="" plainHtml="false" imageDir="" copyLinkedImages="false" imageUniquifyType="0" targetExt="" useTargetExt="false" noCssNoScripts="false" linkToExportedHtml="true" exportOnSettingsChange="true" regenerateOnProjectOpen="false" linkFormatType="HTTP_ABSOLUTE" />
    <LinkMapSettings>
      <textMaps />
    </LinkMapSettings>
  </component>
</application>